id,component,symptom,alarm,evidence,possible_causes,maintenance_check,recommended_action,priority,root_cause_category
ELV-001,Traction Machine,Abnormal noise or vibration during travel,None / machine-related fault if reported,Noise or vibration observed during operation,Bearing wear; alignment issue; mechanical looseness; traction-system wear,Visual/condition inspection and comparison with normal operating behavior,Record condition and refer to the OEM maintenance procedure for qualified inspection,High,Mechanical
ELV-002,Traction Machine,Oil leakage or abnormal oil level,None,Visible leakage or oil level outside OEM range,Seal deterioration; lubrication issue; component leakage,Inspect for leakage and verify level against the model-specific specification,Qualified maintenance inspection; repair/replace affected component according to OEM procedure,Medium,Lubrication
ELV-003,Brake,Abnormal stopping behavior,Brake/drive fault if available,Stopping behavior differs from normal operation,Brake wear; contamination; adjustment issue; brake-control fault,Inspect brake condition and operating status using the OEM procedure,Remove elevator from service if safety performance is abnormal and escalate to qualified personnel,Critical,Brake
ELV-004,Brake,Brake lining shows excessive wear,None or brake-related fault,Visible wear compared with OEM limit,Normal deterioration; high operating frequency; contamination,Compare lining condition/thickness with the applicable OEM limit,Replace or service according to the exact OEM/model procedure,Critical,Brake
ELV-005,Door System,Doors do not open or close normally,Door fault / safety-chain fault if reported,"Door movement is slow, incomplete, noisy, or inconsistent",Door operator issue; track/roller wear; obstruction; sensor or interlock issue,Observe door operation and inspect accessible door components and safety signals,Keep the elevator out of normal service if the door safety function is abnormal; qualified inspection required,Critical,Door
ELV-006,Door Interlock,Elevator refuses to run with doors apparently closed,Safety-chain / door-lock fault,Door appears closed but controller does not confirm lock,Interlock contact issue; alignment problem; wiring/signal issue,Qualified technician checks door-lock status and safety-chain diagnostics,Do not bypass the safety circuit; diagnose using the OEM procedure,Critical,Safety Circuit
ELV-007,Leveling System,Car stops above or below floor level,Leveling fault if supported,Visible floor-level mismatch,Leveling sensor/target issue; control calibration issue; mechanical movement issue,Check leveling behavior and relevant sensors/targets against OEM specifications,Qualified maintenance inspection and model-specific adjustment,High,Leveling
ELV-008,Controller / Drive,Repeated drive trips,Drive trip / fault code,Fault repeats after reset or during similar operating conditions,Electrical fault; drive overheating; motor/load issue; feedback fault,"Review fault history, operating symptoms, temperature and controller diagnostics",Use OEM fault-code documentation; escalate repeated trips rather than repeatedly resetting,High,Electrical/Drive
ELV-009,Motor / Drive,Motor current rises sharply,Motor overcurrent / drive trip,Step increase in measured current,Motor/drive electrical fault; abnormal load; mechanical resistance,"Correlate current trend with temperature, drive diagnostics and mechanical observations",Stop normal operation when protection trips repeatedly and perform qualified diagnosis,Critical,Electrical/Mechanical
ELV-010,Motor / Drive,Motor current rises with increasing temperature,Overtemperature / overcurrent if reported,Current and temperature trends rise together,Cooling problem; electrical loading; motor/drive fault,"Review thermal trend, cooling condition and drive diagnostics",Follow OEM thermal/drive troubleshooting procedure,High,Thermal/Electrical
ELV-011,Encoder / Feedback,Irregular speed or leveling with feedback-related fault,Encoder / feedback fault,Fault history plus abnormal speed/position feedback,Feedback device issue; connection problem; alignment/configuration issue,Review controller diagnostics and feedback status using OEM procedure,Qualified technician inspection; do not alter safety-critical parameters without OEM authorization,High,Feedback
ELV-012,Governor / Safety System,Safety-related fault or abnormal governor condition,Governor/safety-chain fault if supported,Controller records safety-chain interruption or inspection identifies abnormal condition,Governor/safety device issue; switch/contact issue; mechanical condition,Inspection by qualified personnel according to applicable OEM and safety requirements,Keep elevator out of service until the safety issue is resolved and required tests are completed,Critical,Safety
ELV-013,Machine Room,"Poor housekeeping, water ingress, or inadequate ventilation",None,Visible dust/oil/water ingress or ventilation problem,Environmental condition; housekeeping issue; building envelope/ventilation problem,"Inspect room condition, lighting, ventilation and signs of leakage",Correct environmental issue through qualified maintenance/building personnel,Medium,Environment
ELV-014,Hoist Ropes,"Visible rope wear, contamination, or abnormal tension indication",None / traction-related fault if detected,"Inspection identifies wear, contamination, or uneven condition",Normal wear; contamination; unequal tension; traction-system condition,Inspect rope condition and compare with OEM acceptance criteria,Qualified rope inspection and service according to the exact OEM procedure,Critical,Traction
ELV-015,Emergency Communication,Emergency phone/intercom/alarm does not operate,Emergency communication fault if monitored,Functional test fails,Power issue; communication device fault; wiring/network issue,Perform functional test and inspect the communication system,Restore the emergency communication function before normal service where required by local rules,High,Emergency System
